{
  "HC": {
    "n": {
      "100": {
        "beta_fix": {
          "beta": 1,
          "r_vec": 1,
          "result": [
            0.99,
            0.99,
            1,
            0.98,
            0.98,
            0.98,
            0.98,
            0.99,
            1,
            0.9500000000000001,
            0.99,
            1,
            0.9500000000000001,
            0.94,
            0.92,
            0.9500000000000001,
            1,
            0.95,
            0.94,
            0.92,
            0.9400000000000001,
            0.9500000000000001,
            0.96,
            0.9,
            0.9099999999999999,
            0.9,
            0.9,
            0.88,
            0.8700000000000001,
            0.93,
            0.8600000000000001,
            0.8300000000000001,
            0.8799999999999999,
            0.8200000000000001,
            0.87,
            0.8,
            0.8,
            0.79,
            0.8400000000000001,
            0.78,
            0.85,
            0.79,
            0.69,
            0.76,
            0.75,
            0.73,
            0.75,
            0.73,
            0.71,
            0.71,
            0.74,
            0.67,
            0.61,
            0.7100000000000001,
            0.65,
            0.64,
            0.68,
            0.5800000000000001,
            0.66,
            0.63,
            0.49,
            0.56,
            0.5700000000000001,
            0.59,
            0.6000000000000001,
            0.61,
            0.53,
            0.52,
            0.5900000000000001,
            0.53,
            0.6100000000000001,
            0.51,
            0.45,
            0.46,
            0.37,
            0.46,
            0.53,
            0.43,
            0.6,
            0.37,
            0.32999999999999996,
            0.35000000000000003,
            0.34,
            0.37,
            0.37,
            0.48000000000000004,
            0.37,
            0.31,
            0.45999999999999996,
            0.33999999999999997,
            0.32999999999999996,
            0.35,
            0.27999999999999997,
            0.41000000000000003,
            0.26,
            0.27,
            0.29,
            0.26,
            0.28,
            0.26
          ]
        },
        "r_fix": {
          "r": 1,
          "beta_vec": 1,
          "result": 1
        }
      },
      "10000": {
        "beta_fix": {
          "r_vec": 1,
          "result": 666
        },
        "r_fix": {
          "beta_vec": 1,
          "result": 1
        }
      }
    }
  },
  "CsCsHM": {
    "n": {
      "100": {
        "beta_fix": {
          "r_vec": 1,
          "result": 666
        },
        "r_fix": {
          "beta_vec": 1,
          "result": 1
        }
      },
      "10000": {
        "beta_fix": {
          "r_vec": 1,
          "result": 666
        },
        "r_fix": {
          "beta_vec": 1,
          "result": 1
        }
      }
    }
  },
  "phi_test": {
    "n": {
      "100": {
        "parameter": {
          "0": {
            "beta_fix": {
              "r_vec": 1,
              "result": 666
            },
            "r_fix": {
              "beta_vec": 1,
              "result": 1
            }
          },
          "1": {
            "beta_fix": {
              "r_vec": 1,
              "result": 666
            },
            "r_fix": {
              "beta_vec": 1,
              "result": 1
            }
          },
          "2": {
            "beta_fix": {
              "r_vec": 1,
              "result": 666
            },
            "r_fix": {
              "beta_vec": 1,
              "result": 1
            }
          }
        }
      },
      "10000": {
        "parameter": {
          "0": {
            "beta_fix": {
              "r_vec": 1,
              "result": 666
            },
            "r_fix": {
              "beta_vec": 1,
              "result": 1
            }
          },
          "1": {
            "beta_fix": {
              "r_vec": 1,
              "result": 666
            },
            "r_fix": {
              "beta_vec": 1,
              "result": 1
            }
          },
          "2": {
            "beta_fix": {
              "r_vec": 1,
              "result": 666
            },
            "r_fix": {
              "beta_vec": 1,
              "result": 1
            }
          }
        }
      }
    }
  }
}
